﻿Type,Residence ,Description ,How to apply,AY 23/24 Fees (Weekly),AY 23/24 Semester 1 Meal Plan Rate ,AY 23/24 Semester 2 Meal Plan Rate ,Website,Instagram
Halls of Residence,Temasek Hall,"Temasek Hall is one of the 6 Halls Of Residences in NUS.

It offers two room types, Single room and Double Room and has a meal plan included", Via the UHMS Portal https://uhms.nus.edu.sg/StudentPortal,"Single : S$125
Double : S$86",S$615.60,S$570.00,https://nus.edu.sg/osa/temasekhall/home,https://www.instagram.com/temasekhall/
Halls of Residence,Eusoff Hall,"Eusoff Hall is one of the 6 Halls Of Residences in NUS.

It offers two room types, Single room and Double Room and has a meal plan included",Via the UHMS Portal https://uhms.nus.edu.sg/StudentPortal,"Single : S$125
Double : S$86",S$615.60,S$570.00,https://nus.edu.sg/osa/eusoffhall,https://www.instagram.com/eusoff_hall/
Halls of Residence,Kent Ridge Hall,"Kent Ridge Hall is one of the 6 Halls Of Residences in NUS.

It offers one room type, single room and has a meal plan included.",Via the UHMS Portal https://uhms.nus.edu.sg/StudentPortal,"Single : S$125
Double : NIL",S$615.60,S$570.00,https://nus.edu.sg/osa/kentridgehall/home,https://www.instagram.com/kr_nus/
Halls of Residence,Sheares Hall,"Sheares Hall is one of the 6 Halls Of Residences in NUS.

It offers one room type, single room and has a meal plan included.",Via the UHMS Portal https://uhms.nus.edu.sg/StudentPortal,"Single : S$125
Double : NIL",S$615.60,S$570.00,https://nus.edu.sg/osa/sheareshall/home,https://www.instagram.com/sheareshall/
Halls of Residence,King Edward VII Hall,"KEVII Hall is one of the 6 Halls Of Residences in NUS.

It offers two room types. Single room and Double Room and has a meal plan included.",Via the UHMS Portal https://uhms.nus.edu.sg/StudentPortal,"Single : S$125
Double : S$86",S$615.60,S$570.00,https://nus.edu.sg/osa/keviihall/keviihall,https://www.instagram.com/kingedwardviihall/
Halls of Residence,Raffles Hall,"Raffles Hall is one of the 6 Halls Of Residences in NUS.

It offers two room types, Single room and Double Room amd has a meal plan included",Via the UHMS Portal https://uhms.nus.edu.sg/StudentPortal,"Single : S$125
Double : S$86",S$615.60,S$570.00,https://nus.edu.sg/osa/raffleshall/home,https://www.instagram.com/raffles_hall/
Residential College,RVRC,"Ridge View Residential College is one of the 4 Residential Colleges in NUS. 

It offers 4 room types, Single room and Double room with both air-con and non air-con options, and has a meal plan included. ",https://myaces.nus.edu.sg/prjrca/,"Single (AC) : S$149
Single (Non-AC) : S$131
Double (AC) : S$97
Double (Non-AC) : S$89","S$1,053.00 ",S$975.00 ,https://rvrc.nus.edu.sg,https://www.instagram.com/rvrc_nus/
Residential College,CAPT,"College of Alice and Peter Tan is one of the 4 Residential Colleges in NUS.

It offers 4 room types, Single room and 6 Bedroom Apartment with both air-con and non air-con options, and has a meal plan included.",https://myaces.nus.edu.sg/prjrca/,"Single (AC) : S$154
Single (Non-AC) : S$136
6BR Apt (AC) : S$165
6BR Apt (Non-AC) : S$148","S$1,053.00 ",S$975.00 ,https://capt.nus.edu.sg,https://www.instagram.com/captnus/
Residential College,RC4,"Residential College 4 is one of the 4 Residential Colleges in NUS.

It offers 2 room types, Single room and 6 Bedroom Apartment with air-con , and has a meal plan included.",https://myaces.nus.edu.sg/prjrca/,"Single (AC) : S$154
6BR Apt (AC) : S$165","S$1,053.00 ",S$975.00 ,https://rc4.nus.edu.sg,https://www.instagram.com/orcasnaps/
Residential College,Tembusu College,"Tembusu College is one of the 4 Residential Colleges in NUS.

It offers 4 room types, Single room and Double room with both air-con and non air-con options, and has a meal plan included.",https://myaces.nus.edu.sg/prjrca/,"Single (AC) : S$154
Single (Non-AC) : S$136
6BR Apt (AC) : S$165
6BR Apt (Non-AC) : S$148","S$1,053.00 ",S$975.00 ,https://tembusu.nus.edu.sg,https://www.instagram.com/tembusucollege/
Houses,Helix House,"Helix House is one of the 3 Houses in NUS.

It offers 2 room types, Type C with air-con and without air-con and has no meal plan included.",Via the UHMS Portal https://uhms.nus.edu.sg/StudentPortal,"Type C (AC) : S$149
Type C (Non-AC) : S$131",No meal plan ,No meal plan ,https://nus.edu.sg/osa/helixhouse,https://www.instagram.com/nushelixhouse/
Houses,Lighthouse,"Lighthouse is one of the 3 Houses in NUS.

It offers 2 room types, Type C with air-con and without air-con and has no meal plan included.",Via the UHMS Portal https://uhms.nus.edu.sg/StudentPortal,"Type C (AC) : S$149
Type C (Non-AC) : S$131",No meal plan ,No meal plan ,https://nus.edu.sg/osa/lighthouse/home,https://www.instagram.com/nuslighthouse/
Houses,Pioneer House,"Pioneer House is one of the 3 Houses in NUS.

It offers 2 room types, Type C with air-con and without air-con and has no meal plan included", Via the UHMS Portal https://uhms.nus.edu.sg/StudentPortal,"Type C (AC) : S$149
Type C (Non-AC) : S$131",No meal plan ,No meal plan ,https://nus.edu.sg/osa/pioneerhouse/home,https://www.instagram.com/nuspioneer/
Student Residences,PGP,"Princes Georges Park Residences is one of the 2 Student Residences in NUS

It offers 4 room types, Type A with air-con, Type B with no air-con, Type C with both air-con and non air-con options and has no meal plan included.",Via the UHMS Portal https://uhms.nus.edu.sg/StudentPortal,"Type A (AC) : S$217
Type B (Non-AC) : S$143
Type C (AC) : S$149
Type C (Non-AC) : S$131",No meal plan ,No meal plan ,https://nus.edu.sg/osa/pgpr/home,https://www.instagram.com/nuspgpr/
Student Residences,Utown Residences,"Utown Residences is one of the 2 Student Residences in NUS.

It offers 2 room types, air-con and without air-con and has no meal plan included.",Via the UHMS Portal https://uhms.nus.edu.sg/StudentPortal,"AC : S$154
Non-AC : S$136",No meal plan ,No meal plan ,https://nus.edu.sg/osa/utr/home,https://www.instagram.com/utownresidence/